[{"model": "admin.logentry", "pk": 1, "fields": {"action_time": "2021-05-24T08:40:54.540Z", "user": 1, "content_type": 7, "object_id": "1", "object_repr": "Buy a milk", "action_flag": 1, "change_message": "[{\"added\": {}}]"}}, {"model": "admin.logentry", "pk": 2, "fields": {"action_time": "2021-05-24T08:41:43.390Z", "user": 1, "content_type": 7, "object_id": "2", "object_repr": "buy a car", "action_flag": 1, "change_message": "[{\"added\": {}}]"}}, {"model": "admin.logentry", "pk": 3, "fields": {"action_time": "2021-05-24T08:58:17.102Z", "user": 1, "content_type": 7, "object_id": "2", "object_repr": "buy a car", "action_flag": 3, "change_message": ""}}, {"model": "admin.logentry", "pk": 4, "fields": {"action_time": "2021-05-24T08:58:17.106Z", "user": 1, "content_type": 7, "object_id": "1", "object_repr": "Buy a milk", "action_flag": 3, "change_message": ""}}, {"model": "admin.logentry", "pk": 5, "fields": {"action_time": "2021-05-24T16:26:12.754Z", "user": 1, "content_type": 8, "object_id": "1", "object_repr": "200.0", "action_flag": 1, "change_message": "[{\"added\": {}}]"}}, {"model": "admin.logentry", "pk": 6, "fields": {"action_time": "2021-05-24T16:26:30.400Z", "user": 1, "content_type": 8, "object_id": "2", "object_repr": "100.0", "action_flag": 1, "change_message": "[{\"added\": {}}]"}}, {"model": "admin.logentry", "pk": 7, "fields": {"action_time": "2021-05-24T16:26:46.655Z", "user": 1, "content_type": 8, "object_id": "3", "object_repr": "100.0", "action_flag": 1, "change_message": "[{\"added\": {}}]"}}, {"model": "admin.logentry", "pk": 8, "fields": {"action_time": "2021-05-24T16:26:55.307Z", "user": 1, "content_type": 8, "object_id": "4", "object_repr": "100.0", "action_flag": 1, "change_message": "[{\"added\": {}}]"}}, {"model": "admin.logentry", "pk": 9, "fields": {"action_time": "2021-05-24T16:31:25.611Z", "user": 1, "content_type": 8, "object_id": "4", "object_repr": "125.0", "action_flag": 2, "change_message": "[{\"changed\": {\"fields\": [\"C\"]}}]"}}, {"model": "admin.logentry", "pk": 10, "fields": {"action_time": "2021-05-24T16:31:56.760Z", "user": 1, "content_type": 8, "object_id": "5", "object_repr": "100.0", "action_flag": 1, "change_message": "[{\"added\": {}}]"}}, {"model": "admin.logentry", "pk": 11, "fields": {"action_time": "2021-05-24T16:35:51.551Z", "user": 1, "content_type": 8, "object_id": "6", "object_repr": "130.0", "action_flag": 1, "change_message": "[{\"added\": {}}]"}}, {"model": "admin.logentry", "pk": 12, "fields": {"action_time": "2021-05-24T16:38:44.206Z", "user": 1, "content_type": 9, "object_id": "1", "object_repr": "Strawberry", "action_flag": 1, "change_message": "[{\"added\": {}}]"}}, {"model": "admin.logentry", "pk": 13, "fields": {"action_time": "2021-05-24T16:43:25.799Z", "user": 1, "content_type": 9, "object_id": "2", "object_repr": "Currant", "action_flag": 1, "change_message": "[{\"added\": {}}]"}}, {"model": "admin.logentry", "pk": 14, "fields": {"action_time": "2021-05-24T16:43:35.089Z", "user": 1, "content_type": 9, "object_id": "3", "object_repr": "Raspberry", "action_flag": 1, "change_message": "[{\"added\": {}}]"}}, {"model": "admin.logentry", "pk": 15, "fields": {"action_time": "2021-05-24T16:43:45.708Z", "user": 1, "content_type": 9, "object_id": "4", "object_repr": "Cherry", "action_flag": 1, "change_message": "[{\"added\": {}}]"}}, {"model": "admin.logentry", "pk": 16, "fields": {"action_time": "2021-05-24T16:44:16.354Z", "user": 1, "content_type": 9, "object_id": "5", "object_repr": "Apricot", "action_flag": 1, "change_message": "[{\"added\": {}}]"}}, {"model": "admin.logentry", "pk": 17, "fields": {"action_time": "2021-05-24T16:44:33.362Z", "user": 1, "content_type": 9, "object_id": "6", "object_repr": "Plum", "action_flag": 1, "change_message": "[{\"added\": {}}]"}}, {"model": "admin.logentry", "pk": 18, "fields": {"action_time": "2021-05-24T16:44:40.157Z", "user": 1, "content_type": 9, "object_id": "7", "object_repr": "Water", "action_flag": 1, "change_message": "[{\"added\": {}}]"}}, {"model": "admin.logentry", "pk": 19, "fields": {"action_time": "2021-05-24T16:44:44.602Z", "user": 1, "content_type": 9, "object_id": "8", "object_repr": "Sugar", "action_flag": 1, "change_message": "[{\"added\": {}}]"}}, {"model": "admin.logentry", "pk": 20, "fields": {"action_time": "2021-05-24T16:45:25.973Z", "user": 1, "content_type": 10, "object_id": "1", "object_repr": "1.0", "action_flag": 1, "change_message": "[{\"added\": {}}]"}}, {"model": "admin.logentry", "pk": 21, "fields": {"action_time": "2021-05-24T16:45:35.370Z", "user": 1, "content_type": 10, "object_id": "2", "object_repr": "1.8", "action_flag": 1, "change_message": "[{\"added\": {}}]"}}, {"model": "admin.logentry", "pk": 22, "fields": {"action_time": "2021-05-24T16:45:43.489Z", "user": 1, "content_type": 10, "object_id": "3", "object_repr": "1.0", "action_flag": 1, "change_message": "[{\"added\": {}}]"}}, {"model": "admin.logentry", "pk": 23, "fields": {"action_time": "2021-05-24T16:45:51.456Z", "user": 1, "content_type": 10, "object_id": "4", "object_repr": "0.175", "action_flag": 1, "change_message": "[{\"added\": {}}]"}}, {"model": "admin.logentry", "pk": 24, "fields": {"action_time": "2021-05-24T16:45:59.598Z", "user": 1, "content_type": 10, "object_id": "5", "object_repr": "0.2", "action_flag": 1, "change_message": "[{\"added\": {}}]"}}, {"model": "admin.logentry", "pk": 25, "fields": {"action_time": "2021-05-24T16:46:07.038Z", "user": 1, "content_type": 10, "object_id": "6", "object_repr": "0.5", "action_flag": 1, "change_message": "[{\"added\": {}}]"}}, {"model": "admin.logentry", "pk": 26, "fields": {"action_time": "2021-05-24T16:46:14.077Z", "user": 1, "content_type": 10, "object_id": "7", "object_repr": "7.0", "action_flag": 1, "change_message": "[{\"added\": {}}]"}}, {"model": "admin.logentry", "pk": 27, "fields": {"action_time": "2021-05-24T16:46:23.461Z", "user": 1, "content_type": 10, "object_id": "8", "object_repr": "2.965", "action_flag": 1, "change_message": "[{\"added\": {}}]"}}, {"model": "admin.logentry", "pk": 28, "fields": {"action_time": "2021-05-24T16:51:29.572Z", "user": 1, "content_type": 11, "object_id": "1", "object_repr": "1.0", "action_flag": 1, "change_message": "[{\"added\": {}}]"}}, {"model": "admin.logentry", "pk": 29, "fields": {"action_time": "2021-05-24T16:51:49.136Z", "user": 1, "content_type": 11, "object_id": "2", "object_repr": "0.0", "action_flag": 1, "change_message": "[{\"added\": {}}]"}}, {"model": "admin.logentry", "pk": 30, "fields": {"action_time": "2021-05-24T16:52:01.850Z", "user": 1, "content_type": 11, "object_id": "3", "object_repr": "0.0", "action_flag": 1, "change_message": "[{\"added\": {}}]"}}, {"model": "admin.logentry", "pk": 31, "fields": {"action_time": "2021-05-24T16:52:19.651Z", "user": 1, "content_type": 11, "object_id": "4", "object_repr": "0.0", "action_flag": 1, "change_message": "[{\"added\": {}}]"}}, {"model": "admin.logentry", "pk": 32, "fields": {"action_time": "2021-05-24T16:52:32.247Z", "user": 1, "content_type": 11, "object_id": "5", "object_repr": "0.0", "action_flag": 1, "change_message": "[{\"added\": {}}]"}}, {"model": "admin.logentry", "pk": 33, "fields": {"action_time": "2021-05-24T16:52:44.799Z", "user": 1, "content_type": 11, "object_id": "6", "object_repr": "0.0", "action_flag": 1, "change_message": "[{\"added\": {}}]"}}, {"model": "admin.logentry", "pk": 34, "fields": {"action_time": "2021-05-24T16:52:57.123Z", "user": 1, "content_type": 11, "object_id": "7", "object_repr": "1.0", "action_flag": 1, "change_message": "[{\"added\": {}}]"}}, {"model": "admin.logentry", "pk": 35, "fields": {"action_time": "2021-05-24T16:53:15.024Z", "user": 1, "content_type": 11, "object_id": "8", "object_repr": "0.03", "action_flag": 1, "change_message": "[{\"added\": {}}]"}}, {"model": "admin.logentry", "pk": 36, "fields": {"action_time": "2021-05-24T16:53:26.439Z", "user": 1, "content_type": 11, "object_id": "9", "object_repr": "0.0", "action_flag": 1, "change_message": "[{\"added\": {}}]"}}, {"model": "admin.logentry", "pk": 37, "fields": {"action_time": "2021-05-24T16:54:11.993Z", "user": 1, "content_type": 11, "object_id": "10", "object_repr": "1.8", "action_flag": 1, "change_message": "[{\"added\": {}}]"}}, {"model": "admin.logentry", "pk": 38, "fields": {"action_time": "2021-05-24T16:54:23.052Z", "user": 1, "content_type": 11, "object_id": "11", "object_repr": "0.0", "action_flag": 1, "change_message": "[{\"added\": {}}]"}}, {"model": "admin.logentry", "pk": 39, "fields": {"action_time": "2021-05-24T16:54:29.842Z", "user": 1, "content_type": 11, "object_id": "12", "object_repr": "0.0", "action_flag": 1, "change_message": "[{\"added\": {}}]"}}, {"model": "admin.logentry", "pk": 40, "fields": {"action_time": "2021-05-24T16:54:40.871Z", "user": 1, "content_type": 11, "object_id": "13", "object_repr": "0.0", "action_flag": 1, "change_message": "[{\"added\": {}}]"}}, {"model": "admin.logentry", "pk": 41, "fields": {"action_time": "2021-05-24T16:56:47.169Z", "user": 1, "content_type": 11, "object_id": "14", "object_repr": "Plum - Bottle1 - 100.0 - 0.0", "action_flag": 1, "change_message": "[{\"added\": {}}]"}}, {"model": "admin.logentry", "pk": 42, "fields": {"action_time": "2021-05-24T16:57:03.215Z", "user": 1, "content_type": 11, "object_id": "15", "object_repr": "Water - Bottle1 - 100.0 - 2.0", "action_flag": 1, "change_message": "[{\"added\": {}}]"}}, {"model": "admin.logentry", "pk": 43, "fields": {"action_time": "2021-05-24T16:57:16.477Z", "user": 1, "content_type": 11, "object_id": "16", "object_repr": "Sugar - Bottle1 - 100.0 - 1.96", "action_flag": 1, "change_message": "[{\"added\": {}}]"}}, {"model": "admin.logentry", "pk": 44, "fields": {"action_time": "2021-05-24T16:57:33.994Z", "user": 1, "content_type": 11, "object_id": "17", "object_repr": "Strawberry - Bottle2 - 100.0 - 0.0", "action_flag": 1, "change_message": "[{\"added\": {}}]"}}, {"model": "admin.logentry", "pk": 45, "fields": {"action_time": "2021-05-24T16:57:46.509Z", "user": 1, "content_type": 11, "object_id": "18", "object_repr": "Currant - Bottle2 - 100.0 - 0.0", "action_flag": 1, "change_message": "[{\"added\": {}}]"}}, {"model": "admin.logentry", "pk": 46, "fields": {"action_time": "2021-05-24T16:58:21.855Z", "user": 1, "content_type": 11, "object_id": "19", "object_repr": "Raspberry - Bottle2 - 100.0 - 1.0", "action_flag": 1, "change_message": "[{\"added\": {}}]"}}, {"model": "admin.logentry", "pk": 47, "fields": {"action_time": "2021-05-24T16:58:38.106Z", "user": 1, "content_type": 11, "object_id": "20", "object_repr": "Cherry - Bottle2 - 100.0 - 0.0", "action_flag": 1, "change_message": "[{\"added\": {}}]"}}, {"model": "admin.logentry", "pk": 48, "fields": {"action_time": "2021-05-24T16:58:53.199Z", "user": 1, "content_type": 11, "object_id": "21", "object_repr": "Apricot - Bottle2 - 100.0 - 0.0", "action_flag": 1, "change_message": "[{\"added\": {}}]"}}, {"model": "admin.logentry", "pk": 49, "fields": {"action_time": "2021-05-24T16:59:01.810Z", "user": 1, "content_type": 11, "object_id": "22", "object_repr": "Plum - Bottle2 - 100.0 - 0.0", "action_flag": 1, "change_message": "[{\"added\": {}}]"}}, {"model": "admin.logentry", "pk": 50, "fields": {"action_time": "2021-05-24T16:59:19.147Z", "user": 1, "content_type": 11, "object_id": "23", "object_repr": "Water - Bottle2 - 100.0 - 0.5", "action_flag": 1, "change_message": "[{\"added\": {}}]"}}, {"model": "admin.logentry", "pk": 51, "fields": {"action_time": "2021-05-24T16:59:33.591Z", "user": 1, "content_type": 11, "object_id": "24", "object_repr": "Sugar - Bottle2 - 100.0 - 0.175", "action_flag": 1, "change_message": "[{\"added\": {}}]"}}, {"model": "admin.logentry", "pk": 52, "fields": {"action_time": "2021-05-24T16:59:45.340Z", "user": 1, "content_type": 11, "object_id": "25", "object_repr": "Strawberry - Bottle3 - 125.0 - 0.0", "action_flag": 1, "change_message": "[{\"added\": {}}]"}}, {"model": "admin.logentry", "pk": 53, "fields": {"action_time": "2021-05-24T17:00:00.868Z", "user": 1, "content_type": 11, "object_id": "26", "object_repr": "Currant - Bottle3 - 125.0 - 0.0", "action_flag": 1, "change_message": "[{\"added\": {}}]"}}, {"model": "admin.logentry", "pk": 54, "fields": {"action_time": "2021-05-24T17:00:13.747Z", "user": 1, "content_type": 11, "object_id": "27", "object_repr": "Raspberry - Bottle3 - 125.0 - 0.0", "action_flag": 1, "change_message": "[{\"added\": {}}]"}}, {"model": "admin.logentry", "pk": 55, "fields": {"action_time": "2021-05-24T17:00:27.709Z", "user": 1, "content_type": 11, "object_id": "28", "object_repr": "Cherry - Bottle3 - 125.0 - 0.175", "action_flag": 1, "change_message": "[{\"added\": {}}]"}}, {"model": "admin.logentry", "pk": 56, "fields": {"action_time": "2021-05-24T17:00:37.483Z", "user": 1, "content_type": 11, "object_id": "29", "object_repr": "Apricot - Bottle3 - 125.0 - 0.0", "action_flag": 1, "change_message": "[{\"added\": {}}]"}}, {"model": "admin.logentry", "pk": 57, "fields": {"action_time": "2021-05-24T17:00:59.592Z", "user": 1, "content_type": 11, "object_id": "30", "object_repr": "Plum - Bottle3 - 125.0 - 0.0", "action_flag": 1, "change_message": "[{\"added\": {}}]"}}, {"model": "admin.logentry", "pk": 58, "fields": {"action_time": "2021-05-24T17:01:08.570Z", "user": 1, "content_type": 11, "object_id": "31", "object_repr": "Water - Bottle3 - 125.0 - 0.5", "action_flag": 1, "change_message": "[{\"added\": {}}]"}}, {"model": "admin.logentry", "pk": 59, "fields": {"action_time": "2021-05-24T17:01:21.461Z", "user": 1, "content_type": 11, "object_id": "32", "object_repr": "Sugar - Bottle3 - 125.0 - 0.175", "action_flag": 1, "change_message": "[{\"added\": {}}]"}}, {"model": "admin.logentry", "pk": 60, "fields": {"action_time": "2021-05-24T17:02:03.039Z", "user": 1, "content_type": 11, "object_id": "33", "object_repr": "Strawberry - Bottle4 - 100.0 - 0.0", "action_flag": 1, "change_message": "[{\"added\": {}}]"}}, {"model": "admin.logentry", "pk": 61, "fields": {"action_time": "2021-05-24T17:02:11.420Z", "user": 1, "content_type": 11, "object_id": "34", "object_repr": "Currant - Bottle4 - 100.0 - 0.0", "action_flag": 1, "change_message": "[{\"added\": {}}]"}}, {"model": "admin.logentry", "pk": 62, "fields": {"action_time": "2021-05-24T17:02:58.712Z", "user": 1, "content_type": 11, "object_id": "35", "object_repr": "Raspberry - Bottle4 - 100.0 - 0.0", "action_flag": 1, "change_message": "[{\"added\": {}}]"}}, {"model": "admin.logentry", "pk": 63, "fields": {"action_time": "2021-05-24T17:03:06.567Z", "user": 1, "content_type": 11, "object_id": "36", "object_repr": "Cherry - Bottle4 - 100.0 - 0.0", "action_flag": 1, "change_message": "[{\"added\": {}}]"}}, {"model": "admin.logentry", "pk": 64, "fields": {"action_time": "2021-05-24T17:03:19.210Z", "user": 1, "content_type": 11, "object_id": "37", "object_repr": "Apricot - Bottle4 - 100.0 - 0.2", "action_flag": 1, "change_message": "[{\"added\": {}}]"}}, {"model": "admin.logentry", "pk": 65, "fields": {"action_time": "2021-05-24T17:03:30.226Z", "user": 1, "content_type": 11, "object_id": "38", "object_repr": "Plum - Bottle4 - 100.0 - 0.0", "action_flag": 1, "change_message": "[{\"added\": {}}]"}}, {"model": "admin.logentry", "pk": 66, "fields": {"action_time": "2021-05-24T17:03:50.612Z", "user": 1, "content_type": 11, "object_id": "39", "object_repr": "Water - Bottle4 - 100.0 - 0.8", "action_flag": 1, "change_message": "[{\"added\": {}}]"}}, {"model": "admin.logentry", "pk": 67, "fields": {"action_time": "2021-05-24T17:04:02.558Z", "user": 1, "content_type": 11, "object_id": "40", "object_repr": "Sugar - Bottle4 - 100.0 - 0.2", "action_flag": 1, "change_message": "[{\"added\": {}}]"}}, {"model": "admin.logentry", "pk": 68, "fields": {"action_time": "2021-05-24T17:04:13.447Z", "user": 1, "content_type": 11, "object_id": "41", "object_repr": "Strawberry - Bottle5 - 130.0 - 0.0", "action_flag": 1, "change_message": "[{\"added\": {}}]"}}, {"model": "admin.logentry", "pk": 69, "fields": {"action_time": "2021-05-24T17:04:21.000Z", "user": 1, "content_type": 11, "object_id": "42", "object_repr": "Currant - Bottle5 - 130.0 - 0.0", "action_flag": 1, "change_message": "[{\"added\": {}}]"}}, {"model": "admin.logentry", "pk": 70, "fields": {"action_time": "2021-05-24T17:04:30.272Z", "user": 1, "content_type": 11, "object_id": "43", "object_repr": "Raspberry - Bottle5 - 130.0 - 0.0", "action_flag": 1, "change_message": "[{\"added\": {}}]"}}, {"model": "admin.logentry", "pk": 71, "fields": {"action_time": "2021-05-24T17:04:40.953Z", "user": 1, "content_type": 11, "object_id": "44", "object_repr": "Cherry - Bottle5 - 130.0 - 0.0", "action_flag": 1, "change_message": "[{\"added\": {}}]"}}, {"model": "admin.logentry", "pk": 72, "fields": {"action_time": "2021-05-24T17:05:00.921Z", "user": 1, "content_type": 11, "object_id": "45", "object_repr": "Apricot - Bottle5 - 130.0 - 0.0", "action_flag": 1, "change_message": "[{\"added\": {}}]"}}, {"model": "admin.logentry", "pk": 73, "fields": {"action_time": "2021-05-24T17:05:10.013Z", "user": 1, "content_type": 11, "object_id": "46", "object_repr": "Plum - Bottle5 - 130.0 - 0.5", "action_flag": 1, "change_message": "[{\"added\": {}}]"}}, {"model": "admin.logentry", "pk": 74, "fields": {"action_time": "2021-05-24T17:05:21.132Z", "user": 1, "content_type": 11, "object_id": "47", "object_repr": "Water - Bottle5 - 130.0 - 0.5", "action_flag": 1, "change_message": "[{\"added\": {}}]"}}, {"model": "admin.logentry", "pk": 75, "fields": {"action_time": "2021-05-24T17:05:31.439Z", "user": 1, "content_type": 11, "object_id": "48", "object_repr": "Sugar - Bottle5 - 130.0 - 0.1", "action_flag": 1, "change_message": "[{\"added\": {}}]"}}, {"model": "admin.logentry", "pk": 76, "fields": {"action_time": "2021-05-25T07:15:18.283Z", "user": 1, "content_type": 8, "object_id": "1", "object_repr": "Bottle0 - 200.0", "action_flag": 2, "change_message": "[{\"changed\": {\"fields\": [\"Xmax\"]}}]"}}, {"model": "admin.logentry", "pk": 77, "fields": {"action_time": "2021-05-25T07:15:28.859Z", "user": 1, "content_type": 8, "object_id": "2", "object_repr": "Bottle1 - 100.0", "action_flag": 2, "change_message": "[{\"changed\": {\"fields\": [\"Xmax\"]}}]"}}, {"model": "admin.logentry", "pk": 78, "fields": {"action_time": "2021-05-25T07:15:37.347Z", "user": 1, "content_type": 8, "object_id": "3", "object_repr": "Bottle2 - 100.0", "action_flag": 2, "change_message": "[{\"changed\": {\"fields\": [\"Xmax\"]}}]"}}, {"model": "admin.logentry", "pk": 79, "fields": {"action_time": "2021-05-25T07:15:57.840Z", "user": 1, "content_type": 8, "object_id": "4", "object_repr": "Bottle3 - 125.0", "action_flag": 2, "change_message": "[{\"changed\": {\"fields\": [\"Xmax\"]}}]"}}, {"model": "admin.logentry", "pk": 80, "fields": {"action_time": "2021-05-25T07:16:04.985Z", "user": 1, "content_type": 8, "object_id": "5", "object_repr": "Bottle4 - 100.0", "action_flag": 2, "change_message": "[{\"changed\": {\"fields\": [\"Xmax\"]}}]"}}, {"model": "admin.logentry", "pk": 81, "fields": {"action_time": "2021-05-25T07:16:12.754Z", "user": 1, "content_type": 8, "object_id": "6", "object_repr": "Bottle5 - 130.0", "action_flag": 2, "change_message": "[{\"changed\": {\"fields\": [\"Xmax\"]}}]"}}, {"model": "admin.logentry", "pk": 82, "fields": {"action_time": "2021-05-25T07:17:38.982Z", "user": 1, "content_type": 9, "object_id": "1", "object_repr": "Strawberry", "action_flag": 2, "change_message": "[{\"changed\": {\"fields\": [\"Q\", \"^q\"]}}]"}}, {"model": "admin.logentry", "pk": 83, "fields": {"action_time": "2021-05-25T07:18:03.335Z", "user": 1, "content_type": 9, "object_id": "2", "object_repr": "Currant", "action_flag": 2, "change_message": "[{\"changed\": {\"fields\": [\"Q\", \"^q\"]}}]"}}, {"model": "admin.logentry", "pk": 84, "fields": {"action_time": "2021-05-25T07:22:20.312Z", "user": 1, "content_type": 9, "object_id": "3", "object_repr": "Raspberry", "action_flag": 2, "change_message": "[{\"changed\": {\"fields\": [\"Q\", \"^q\"]}}]"}}, {"model": "admin.logentry", "pk": 85, "fields": {"action_time": "2021-05-25T07:22:35.760Z", "user": 1, "content_type": 9, "object_id": "4", "object_repr": "Cherry", "action_flag": 2, "change_message": "[{\"changed\": {\"fields\": [\"Q\", \"^q\"]}}]"}}, {"model": "admin.logentry", "pk": 86, "fields": {"action_time": "2021-05-25T07:22:52.269Z", "user": 1, "content_type": 9, "object_id": "5", "object_repr": "Apricot", "action_flag": 2, "change_message": "[{\"changed\": {\"fields\": [\"Q\", \"^q\"]}}]"}}, {"model": "admin.logentry", "pk": 87, "fields": {"action_time": "2021-05-25T07:23:17.425Z", "user": 1, "content_type": 9, "object_id": "6", "object_repr": "Plum", "action_flag": 2, "change_message": "[{\"changed\": {\"fields\": [\"Q\", \"^q\"]}}]"}}, {"model": "admin.logentry", "pk": 88, "fields": {"action_time": "2021-05-25T07:23:45.160Z", "user": 1, "content_type": 9, "object_id": "7", "object_repr": "Water", "action_flag": 2, "change_message": "[{\"changed\": {\"fields\": [\"Q\", \"^q\"]}}]"}}, {"model": "admin.logentry", "pk": 89, "fields": {"action_time": "2021-05-25T07:24:40.545Z", "user": 1, "content_type": 9, "object_id": "8", "object_repr": "Sugar", "action_flag": 2, "change_message": "[{\"changed\": {\"fields\": [\"Q\", \"^q\"]}}]"}}, {"model": "auth.permission", "pk": 1, "fields": {"name": "Can add log entry", "content_type": 1, "codename": "add_logentry"}}, {"model": "auth.permission", "pk": 2, "fields": {"name": "Can change log entry", "content_type": 1, "codename": "change_logentry"}}, {"model": "auth.permission", "pk": 3, "fields": {"name": "Can delete log entry", "content_type": 1, "codename": "delete_logentry"}}, {"model": "auth.permission", "pk": 4, "fields": {"name": "Can view log entry", "content_type": 1, "codename": "view_logentry"}}, {"model": "auth.permission", "pk": 5, "fields": {"name": "Can add permission", "content_type": 2, "codename": "add_permission"}}, {"model": "auth.permission", "pk": 6, "fields": {"name": "Can change permission", "content_type": 2, "codename": "change_permission"}}, {"model": "auth.permission", "pk": 7, "fields": {"name": "Can delete permission", "content_type": 2, "codename": "delete_permission"}}, {"model": "auth.permission", "pk": 8, "fields": {"name": "Can view permission", "content_type": 2, "codename": "view_permission"}}, {"model": "auth.permission", "pk": 9, "fields": {"name": "Can add group", "content_type": 3, "codename": "add_group"}}, {"model": "auth.permission", "pk": 10, "fields": {"name": "Can change group", "content_type": 3, "codename": "change_group"}}, {"model": "auth.permission", "pk": 11, "fields": {"name": "Can delete group", "content_type": 3, "codename": "delete_group"}}, {"model": "auth.permission", "pk": 12, "fields": {"name": "Can view group", "content_type": 3, "codename": "view_group"}}, {"model": "auth.permission", "pk": 13, "fields": {"name": "Can add user", "content_type": 4, "codename": "add_user"}}, {"model": "auth.permission", "pk": 14, "fields": {"name": "Can change user", "content_type": 4, "codename": "change_user"}}, {"model": "auth.permission", "pk": 15, "fields": {"name": "Can delete user", "content_type": 4, "codename": "delete_user"}}, {"model": "auth.permission", "pk": 16, "fields": {"name": "Can view user", "content_type": 4, "codename": "view_user"}}, {"model": "auth.permission", "pk": 17, "fields": {"name": "Can add content type", "content_type": 5, "codename": "add_contenttype"}}, {"model": "auth.permission", "pk": 18, "fields": {"name": "Can change content type", "content_type": 5, "codename": "change_contenttype"}}, {"model": "auth.permission", "pk": 19, "fields": {"name": "Can delete content type", "content_type": 5, "codename": "delete_contenttype"}}, {"model": "auth.permission", "pk": 20, "fields": {"name": "Can view content type", "content_type": 5, "codename": "view_contenttype"}}, {"model": "auth.permission", "pk": 21, "fields": {"name": "Can add session", "content_type": 6, "codename": "add_session"}}, {"model": "auth.permission", "pk": 22, "fields": {"name": "Can change session", "content_type": 6, "codename": "change_session"}}, {"model": "auth.permission", "pk": 23, "fields": {"name": "Can delete session", "content_type": 6, "codename": "delete_session"}}, {"model": "auth.permission", "pk": 24, "fields": {"name": "Can view session", "content_type": 6, "codename": "view_session"}}, {"model": "auth.permission", "pk": 25, "fields": {"name": "Can add task", "content_type": 7, "codename": "add_task"}}, {"model": "auth.permission", "pk": 26, "fields": {"name": "Can change task", "content_type": 7, "codename": "change_task"}}, {"model": "auth.permission", "pk": 27, "fields": {"name": "Can delete task", "content_type": 7, "codename": "delete_task"}}, {"model": "auth.permission", "pk": 28, "fields": {"name": "Can view task", "content_type": 7, "codename": "view_task"}}, {"model": "auth.permission", "pk": 29, "fields": {"name": "Can add bottle", "content_type": 8, "codename": "add_bottle"}}, {"model": "auth.permission", "pk": 30, "fields": {"name": "Can change bottle", "content_type": 8, "codename": "change_bottle"}}, {"model": "auth.permission", "pk": 31, "fields": {"name": "Can delete bottle", "content_type": 8, "codename": "delete_bottle"}}, {"model": "auth.permission", "pk": 32, "fields": {"name": "Can view bottle", "content_type": 8, "codename": "view_bottle"}}, {"model": "auth.permission", "pk": 33, "fields": {"name": "Can add component", "content_type": 9, "codename": "add_component"}}, {"model": "auth.permission", "pk": 34, "fields": {"name": "Can change component", "content_type": 9, "codename": "change_component"}}, {"model": "auth.permission", "pk": 35, "fields": {"name": "Can delete component", "content_type": 9, "codename": "delete_component"}}, {"model": "auth.permission", "pk": 36, "fields": {"name": "Can view component", "content_type": 9, "codename": "view_component"}}, {"model": "auth.permission", "pk": 37, "fields": {"name": "Can add component limit", "content_type": 10, "codename": "add_componentlimit"}}, {"model": "auth.permission", "pk": 38, "fields": {"name": "Can change component limit", "content_type": 10, "codename": "change_componentlimit"}}, {"model": "auth.permission", "pk": 39, "fields": {"name": "Can delete component limit", "content_type": 10, "codename": "delete_componentlimit"}}, {"model": "auth.permission", "pk": 40, "fields": {"name": "Can view component limit", "content_type": 10, "codename": "view_componentlimit"}}, {"model": "auth.permission", "pk": 41, "fields": {"name": "Can add component cost", "content_type": 11, "codename": "add_componentcost"}}, {"model": "auth.permission", "pk": 42, "fields": {"name": "Can change component cost", "content_type": 11, "codename": "change_componentcost"}}, {"model": "auth.permission", "pk": 43, "fields": {"name": "Can delete component cost", "content_type": 11, "codename": "delete_componentcost"}}, {"model": "auth.permission", "pk": 44, "fields": {"name": "Can view component cost", "content_type": 11, "codename": "view_componentcost"}}, {"model": "auth.user", "pk": 1, "fields": {"password": "pbkdf2_sha256$260000$1opvm52mQXlFoAymTmHtHQ$cpgbliCGRy6wxtcue0khdImD+8dZepNOs+7Db3JSHS4=", "last_login": "2021-05-24T08:37:13.094Z", "is_superuser": true, "username": "admin", "first_name": "", "last_name": "", "email": "", "is_staff": true, "is_active": true, "date_joined": "2021-05-24T08:36:55.205Z", "groups": [], "user_permissions": []}}, {"model": "contenttypes.contenttype", "pk": 1, "fields": {"app_label": "admin", "model": "logentry"}}, {"model": "contenttypes.contenttype", "pk": 2, "fields": {"app_label": "auth", "model": "permission"}}, {"model": "contenttypes.contenttype", "pk": 3, "fields": {"app_label": "auth", "model": "group"}}, {"model": "contenttypes.contenttype", "pk": 4, "fields": {"app_label": "auth", "model": "user"}}, {"model": "contenttypes.contenttype", "pk": 5, "fields": {"app_label": "contenttypes", "model": "contenttype"}}, {"model": "contenttypes.contenttype", "pk": 6, "fields": {"app_label": "sessions", "model": "session"}}, {"model": "contenttypes.contenttype", "pk": 7, "fields": {"app_label": "main", "model": "task"}}, {"model": "contenttypes.contenttype", "pk": 8, "fields": {"app_label": "main", "model": "bottle"}}, {"model": "contenttypes.contenttype", "pk": 9, "fields": {"app_label": "main", "model": "component"}}, {"model": "contenttypes.contenttype", "pk": 10, "fields": {"app_label": "main", "model": "componentlimit"}}, {"model": "contenttypes.contenttype", "pk": 11, "fields": {"app_label": "main", "model": "componentcost"}}, {"model": "sessions.session", "pk": "xf4ypobrwyfnjzl4799jtoqdjjqnhjqe", "fields": {"session_data": ".eJxVjEEOwiAQRe_C2pCBkkFduvcMZBgGqRqalHbVeHdL0oUu_38vb1OB1qWEtckcxqSuyqjT7xeJX1I7SE-qj0nzVJd5jLor-qBN36ck79vh_gUKtdKzkjEK2LPjSBckR8kBgzHGMxO4IfvBGfQgmQF21WZrECOK3QeD-nwB69c4BQ:1ll65J:pzaT0Av4PR5zXStjwW114HbN8BGwjjaHFynk278ngi4", "expire_date": "2021-06-07T08:37:13.098Z"}}, {"model": "main.task", "pk": 3, "fields": {"title": "task1", "task": "blablabla"}}, {"model": "main.task", "pk": 4, "fields": {"title": "Buy a milk", "task": "do not forget to buy a milk"}}, {"model": "main.task", "pk": 5, "fields": {"title": "task1", "task": "blablabla"}}, {"model": "main.component", "pk": 1, "fields": {"name": "Strawberry", "yMin": 0.0, "yMax": 100.0, "vMin": 0.0, "vMax": 100.0, "wMin": 0.0, "wMax": 100.0, "q0": 90.0, "q1": 120.0}}, {"model": "main.component", "pk": 2, "fields": {"name": "Currant", "yMin": 0.0, "yMax": 100.0, "vMin": 0.0, "vMax": 100.0, "wMin": 0.0, "wMax": 100.0, "q0": 50.0, "q1": 70.0}}, {"model": "main.component", "pk": 3, "fields": {"name": "Raspberry", "yMin": 0.0, "yMax": 100.0, "vMin": 0.0, "vMax": 100.0, "wMin": 0.0, "wMax": 100.0, "q0": 30.0, "q1": 50.0}}, {"model": "main.component", "pk": 4, "fields": {"name": "Cherry", "yMin": 0.0, "yMax": 100.0, "vMin": 0.0, "vMax": 100.0, "wMin": 0.0, "wMax": 100.0, "q0": 80.0, "q1": 90.0}}, {"model": "main.component", "pk": 5, "fields": {"name": "Apricot", "yMin": 0.0, "yMax": 100.0, "vMin": 0.0, "vMax": 100.0, "wMin": 0.0, "wMax": 100.0, "q0": 20.0, "q1": 40.0}}, {"model": "main.component", "pk": 6, "fields": {"name": "Plum", "yMin": 0.0, "yMax": 100.0, "vMin": 0.0, "vMax": 100.0, "wMin": 0.0, "wMax": 100.0, "q0": 70.0, "q1": 80.0}}, {"model": "main.component", "pk": 7, "fields": {"name": "Water", "yMin": 0.0, "yMax": 100.0, "vMin": 0.0, "vMax": 100.0, "wMin": 0.0, "wMax": 100.0, "q0": 1.65, "q1": 2.65}}, {"model": "main.component", "pk": 8, "fields": {"name": "Sugar", "yMin": 0.0, "yMax": 100.0, "vMin": 0.0, "vMax": 100.0, "wMin": 0.0, "wMax": 100.0, "q0": 25.0, "q1": 30.0}}, {"model": "main.bottle", "pk": 1, "fields": {"cost": 200.0, "name": "Bottle0", "xMin": 0, "xMax": 1000}}, {"model": "main.bottle", "pk": 2, "fields": {"cost": 100.0, "name": "Bottle1", "xMin": 0, "xMax": 1000}}, {"model": "main.bottle", "pk": 3, "fields": {"cost": 100.0, "name": "Bottle2", "xMin": 0, "xMax": 1000}}, {"model": "main.bottle", "pk": 4, "fields": {"cost": 125.0, "name": "Bottle3", "xMin": 0, "xMax": 1000}}, {"model": "main.bottle", "pk": 5, "fields": {"cost": 100.0, "name": "Bottle4", "xMin": 0, "xMax": 1000}}, {"model": "main.bottle", "pk": 6, "fields": {"cost": 130.0, "name": "Bottle5", "xMin": 0, "xMax": 1000}}, {"model": "main.componentcost", "pk": 1, "fields": {"component": 1, "bottle": 1, "cost": 1.0}}, {"model": "main.componentcost", "pk": 2, "fields": {"component": 2, "bottle": 1, "cost": 0.0}}, {"model": "main.componentcost", "pk": 3, "fields": {"component": 3, "bottle": 1, "cost": 0.0}}, {"model": "main.componentcost", "pk": 4, "fields": {"component": 4, "bottle": 1, "cost": 0.0}}, {"model": "main.componentcost", "pk": 5, "fields": {"component": 5, "bottle": 1, "cost": 0.0}}, {"model": "main.componentcost", "pk": 6, "fields": {"component": 6, "bottle": 1, "cost": 0.0}}, {"model": "main.componentcost", "pk": 7, "fields": {"component": 7, "bottle": 1, "cost": 1.0}}, {"model": "main.componentcost", "pk": 8, "fields": {"component": 8, "bottle": 1, "cost": 0.03}}, {"model": "main.componentcost", "pk": 9, "fields": {"component": 1, "bottle": 2, "cost": 0.0}}, {"model": "main.componentcost", "pk": 10, "fields": {"component": 2, "bottle": 2, "cost": 1.8}}, {"model": "main.componentcost", "pk": 11, "fields": {"component": 3, "bottle": 2, "cost": 0.0}}, {"model": "main.componentcost", "pk": 12, "fields": {"component": 4, "bottle": 2, "cost": 0.0}}, {"model": "main.componentcost", "pk": 13, "fields": {"component": 5, "bottle": 2, "cost": 0.0}}, {"model": "main.componentcost", "pk": 14, "fields": {"component": 6, "bottle": 2, "cost": 0.0}}, {"model": "main.componentcost", "pk": 15, "fields": {"component": 7, "bottle": 2, "cost": 2.0}}, {"model": "main.componentcost", "pk": 16, "fields": {"component": 8, "bottle": 2, "cost": 1.96}}, {"model": "main.componentcost", "pk": 17, "fields": {"component": 1, "bottle": 3, "cost": 0.0}}, {"model": "main.componentcost", "pk": 18, "fields": {"component": 2, "bottle": 3, "cost": 0.0}}, {"model": "main.componentcost", "pk": 19, "fields": {"component": 3, "bottle": 3, "cost": 1.0}}, {"model": "main.componentcost", "pk": 20, "fields": {"component": 4, "bottle": 3, "cost": 0.0}}, {"model": "main.componentcost", "pk": 21, "fields": {"component": 5, "bottle": 3, "cost": 0.0}}, {"model": "main.componentcost", "pk": 22, "fields": {"component": 6, "bottle": 3, "cost": 0.0}}, {"model": "main.componentcost", "pk": 23, "fields": {"component": 7, "bottle": 3, "cost": 0.5}}, {"model": "main.componentcost", "pk": 24, "fields": {"component": 8, "bottle": 3, "cost": 0.175}}, {"model": "main.componentcost", "pk": 25, "fields": {"component": 1, "bottle": 4, "cost": 0.0}}, {"model": "main.componentcost", "pk": 26, "fields": {"component": 2, "bottle": 4, "cost": 0.0}}, {"model": "main.componentcost", "pk": 27, "fields": {"component": 3, "bottle": 4, "cost": 0.0}}, {"model": "main.componentcost", "pk": 28, "fields": {"component": 4, "bottle": 4, "cost": 0.175}}, {"model": "main.componentcost", "pk": 29, "fields": {"component": 5, "bottle": 4, "cost": 0.0}}, {"model": "main.componentcost", "pk": 30, "fields": {"component": 6, "bottle": 4, "cost": 0.0}}, {"model": "main.componentcost", "pk": 31, "fields": {"component": 7, "bottle": 4, "cost": 0.5}}, {"model": "main.componentcost", "pk": 32, "fields": {"component": 8, "bottle": 4, "cost": 0.175}}, {"model": "main.componentcost", "pk": 33, "fields": {"component": 1, "bottle": 5, "cost": 0.0}}, {"model": "main.componentcost", "pk": 34, "fields": {"component": 2, "bottle": 5, "cost": 0.0}}, {"model": "main.componentcost", "pk": 35, "fields": {"component": 3, "bottle": 5, "cost": 0.0}}, {"model": "main.componentcost", "pk": 36, "fields": {"component": 4, "bottle": 5, "cost": 0.0}}, {"model": "main.componentcost", "pk": 37, "fields": {"component": 5, "bottle": 5, "cost": 0.2}}, {"model": "main.componentcost", "pk": 38, "fields": {"component": 6, "bottle": 5, "cost": 0.0}}, {"model": "main.componentcost", "pk": 39, "fields": {"component": 7, "bottle": 5, "cost": 0.8}}, {"model": "main.componentcost", "pk": 40, "fields": {"component": 8, "bottle": 5, "cost": 0.2}}, {"model": "main.componentcost", "pk": 41, "fields": {"component": 1, "bottle": 6, "cost": 0.0}}, {"model": "main.componentcost", "pk": 42, "fields": {"component": 2, "bottle": 6, "cost": 0.0}}, {"model": "main.componentcost", "pk": 43, "fields": {"component": 3, "bottle": 6, "cost": 0.0}}, {"model": "main.componentcost", "pk": 44, "fields": {"component": 4, "bottle": 6, "cost": 0.0}}, {"model": "main.componentcost", "pk": 45, "fields": {"component": 5, "bottle": 6, "cost": 0.0}}, {"model": "main.componentcost", "pk": 46, "fields": {"component": 6, "bottle": 6, "cost": 0.5}}, {"model": "main.componentcost", "pk": 47, "fields": {"component": 7, "bottle": 6, "cost": 0.5}}, {"model": "main.componentcost", "pk": 48, "fields": {"component": 8, "bottle": 6, "cost": 0.1}}, {"model": "main.componentlimit", "pk": 1, "fields": {"component": 1, "limit": 1.0}}, {"model": "main.componentlimit", "pk": 2, "fields": {"component": 2, "limit": 1.8}}, {"model": "main.componentlimit", "pk": 3, "fields": {"component": 3, "limit": 1.0}}, {"model": "main.componentlimit", "pk": 4, "fields": {"component": 4, "limit": 0.175}}, {"model": "main.componentlimit", "pk": 5, "fields": {"component": 5, "limit": 0.2}}, {"model": "main.componentlimit", "pk": 6, "fields": {"component": 6, "limit": 0.5}}, {"model": "main.componentlimit", "pk": 7, "fields": {"component": 7, "limit": 7.0}}, {"model": "main.componentlimit", "pk": 8, "fields": {"component": 8, "limit": 2.965}}]